﻿<?xml version="1.0" encoding="utf-8" ?>
<projects>
  <itfmaps>
    <itfmap id="{99B44940-BFE1-4083-ADA1-BE703F4B8E08}" name="absolute"/>
    <itfmap id="{99B44940-BFE1-4083-ADA1-BE703F4B8E05}" name="button"/>
    <itfmap id="{99B44940-BFE1-4083-ADA1-BE703F4B8E06}" name="mapstrings"/>
    <itfmap id="{99B44940-BFE1-4083-ADA1-BE703F4B8E03}" name="range"/>
    <itfmap id="{99B44940-BFE1-4083-ADA1-BE703F4B8E04}" name="switch"/>
  </itfmaps>
  <project name="cs">
    <main name="icproperties.cs" template="templates\icpropertiescs.tpl"/>
    <interfaces>
      <interface name="absolute" template="templates\absolutecs.tpl" />
      <interface name="button" template="templates\buttoncs.tpl" />
      <interface name="range" template="templates\rangecs.tpl" />
      <interface name="mapstrings" template="templates\mapstringcs.tpl" />
      <interface name="switch" template="templates\switchcs.tpl" />
    </interfaces>
  </project>
  <project name="cpp">
    <main name="icproperties.h" template="templates\icpropertiescpp.tpl"/>
    <interfaces>
      <interface name="absolute" template="templates\absolutecpp.tpl" />
      <interface name="button" template="templates\buttoncpp.tpl" />
      <interface name="range" template="templates\rangecpp.tpl" />
      <interface name="mapstrings" template="templates\mapstringcpp.tpl" />
      <interface name="switch" template="templates\switchcpp.tpl" />
    </interfaces>
  </project>
  <project name="vb">
    <main name="icproperties.vb" template="templates\icpropertiesvb.tpl"/>
    <interfaces>
      <interface name="absolute" template="templates\absolutevb.tpl" />
      <interface name="button" template="templates\buttonvb.tpl" />
      <interface name="range" template="templates\rangevb.tpl" />
      <interface name="mapstrings" template="templates\mapstringvb.tpl" />
      <interface name="switch" template="templates\switchvb.tpl" />
    </interfaces>
  </project>
</projects>
